,city,Listing_Title,Posting_Date,Bedrooms,Sqft,Price,posting_ID,treatment_assignment,full_URL,Reply_contact_info_link,reply_email_TO_BE_FILLED_IN,Apartment_Complex_Flag
115,houston,**3 MONTHS FREE** MUSEUM DISTRICT APTS,2017-03-17 11:29,1.0,937.0,2002.0,6016911545,Jane_Control,https://houston.craigslist.org/apa/6016911545.html,https://houston.craigslist.org/reply/hou/apa/6016911545,,
81,houston,Super Modern* Infinity Pool! üï∂,2017-03-17 11:47,2.0,113.0,2319.0,6037270744,Jane_Control,https://houston.craigslist.org/apa/6037270744.html,https://houston.craigslist.org/reply/hou/apa/6037270744,,
56,houston,Specious Two  Bedroom,2017-03-17 04:56,1.0,,3300.0,6004450303,Jane_Control,https://houston.craigslist.org/apa/6004450303.html,https://houston.craigslist.org/reply/hou/apa/6004450303,,
12,houston,Fabulous ALL BILLS PAID condo in West U/Medical Center area,2017-03-17 15:37,2.0,,1450.0,6015458885,Jane_Control,https://houston.craigslist.org/apa/6015458885.html,https://houston.craigslist.org/reply/hou/apa/6015458885,,
80,houston,Pool Area W/ Grills Spacious Rooms* üòΩ,2017-03-17 13:18,2.0,1118.0,1772.0,6035788245,Jane_Control,https://houston.craigslist.org/apa/6035788245.html,https://houston.craigslist.org/reply/hou/apa/6035788245,,
111,houston,"BRAND NEW APARTMENT, 8 Weeks FREE w/12month (ID:141)",2017-03-17 14:10,1.0,627.0,1675.0,6048147361,Jane_Control,https://houston.craigslist.org/apa/6048147361.html,https://houston.craigslist.org/reply/hou/apa/6048147361,,
27,houston,Breathtaking City Views! Specials: 100% Rent Off for 1 Month!!!,2017-03-17 15:29,2.0,1175.0,1664.0,6048295477,Jane_Control,https://houston.craigslist.org/apa/6048295477.html,https://houston.craigslist.org/reply/hou/apa/6048295477,,
82,houston,Beautiful New Kitchens HUGE LIVING ROOM*,2017-03-16 22:50,2.0,1110.0,2568.0,6047369699,Jane_Control,https://houston.craigslist.org/apa/6047369699.html,https://houston.craigslist.org/reply/hou/apa/6047369699,,
30,houston,I-10 & Post Oak-NEW Gorgeous MIDRISE! 0 app/Admin+free Move+2.5 mo fr,2017-03-17 15:32,2.0,1064.0,1540.0,6048264131,Jane_Control,https://houston.craigslist.org/apa/6048264131.html,https://houston.craigslist.org/reply/hou/apa/6048264131,,
39,houston,Exquisite SOFT Lofts w/ Floor To Ceiling Windows***Concierge,2017-03-17 11:16,2.0,1500.0,2807.0,6006566037,Jane_Control,https://houston.craigslist.org/apa/6006566037.html,https://houston.craigslist.org/reply/hou/apa/6006566037,,
28,houston,**wheelchair accessible**Stainless Steel Appliances,2017-03-17 13:42,2.0,1200.0,2098.0,6042371687,Jane_Control,https://houston.craigslist.org/apa/6042371687.html,https://houston.craigslist.org/reply/hou/apa/6042371687,,
83,houston,Come See this Exceptional High Rise Community,2017-03-16 00:35,1.0,1015.0,3229.0,6046009630,Jane_Control,https://houston.craigslist.org/apa/6046009630.html,https://houston.craigslist.org/reply/hou/apa/6046009630,,
4,houston,loft Style Luxury Apartment Midtown,2017-03-17 15:41,1.0,768.0,1500.0,6044298259,Jane_Control,https://houston.craigslist.org/apa/6044298259.html,https://houston.craigslist.org/reply/hou/apa/6044298259,,
60,houston,"Highland Village, Glass Enclosure, Ice Dispenser",2017-03-16 14:51,2.0,1135.0,3232.0,6046834864,Jane_Control,https://houston.craigslist.org/apa/6046834864.html,https://houston.craigslist.org/reply/hou/apa/6046834864,,
87,houston,ENORMOUS 2 BEDROOM APARTMENT HOME! INTERNET & CABLE INCLUDED!!!,2017-03-17 13:07,2.0,1323.0,1599.0,6048066867,Jane_Control,https://houston.craigslist.org/apa/6048066867.html,https://houston.craigslist.org/reply/hou/apa/6048066867,,
4,houston,loft Style Luxury Apartment Midtown,2017-03-17 15:41,1.0,767.0,1450.0,6044295980,Jane_Control,https://houston.craigslist.org/apa/6044295980.html,https://houston.craigslist.org/reply/hou/apa/6044295980,,
107,houston,ARCADE ROOM Closets You Could Live In,2017-03-16 16:06,1.0,826.0,2640.0,6015414135,Jane_Control,https://houston.craigslist.org/apa/6015414135.html,https://houston.craigslist.org/reply/hou/apa/6015414135,,
6,houston,Luxury High Rise Montrose HOU306,2017-03-17 15:38,1.0,875.0,2235.0,6041462802,Jane_Control,https://houston.craigslist.org/apa/6041462802.html,https://houston.craigslist.org/reply/hou/apa/6041462802,,
6,houston,This Deal Is Ending Soon! Energy Corridor*,2017-03-17 15:41,2.0,1108.0,1785.0,6048312846,Jane_Control,https://houston.craigslist.org/apa/6048312846.html,https://houston.craigslist.org/reply/hou/apa/6048312846,,
106,houston,$500 off 1st mo w/12mo L&L Refer to Apt#J4399A,2017-03-17 15:12,1.0,704.0,1137.0,6022022040,Jane_Control,https://houston.craigslist.org/apa/6022022040.html,https://houston.craigslist.org/reply/hou/apa/6022022040,,
45,houston,Bright and luxurious home in Inner Loop / Medical Center 1 Bed,2017-03-17 15:31,1.0,754.0,1452.0,6038313523,Jane_Control,https://houston.craigslist.org/apa/6038313523.html,https://houston.craigslist.org/reply/hou/apa/6038313523,,
118,houston,"Town Homes, Attached Garages, Restricted Dog Breeds",2017-03-17 14:00,1.0,1016.0,1529.0,6017271874,Jane_Control,https://houston.craigslist.org/apa/6017271874.html,https://houston.craigslist.org/reply/hou/apa/6017271874,,
28,houston,2 MO FREE + 2 WEEKS FREE | FLOOR TO CEILING WINDOWS | MODERN | LUXURY,2017-03-17 15:27,2.0,1125.0,1495.0,6036638593,Jane_Control,https://houston.craigslist.org/apa/6036638593.html,https://houston.craigslist.org/reply/hou/apa/6036638593,,
49,houston,3 MONTHS FREE | HIGH WALKABILITY | VIEWS OF DT OR MED CENTER | LEASE $,2017-03-17 15:27,1.0,871.0,1643.0,6034433052,Jane_Control,https://houston.craigslist.org/apa/6034433052.html,https://houston.craigslist.org/reply/hou/apa/6034433052,,
30,houston,Furnished Apartment in Kirby Place!,2017-03-17 12:48,1.0,670.0,2550.0,6047961439,Jane_Control,https://houston.craigslist.org/apa/6047961439.html,https://houston.craigslist.org/reply/hou/apa/6047961439,,
3,houston,üè† 1-3mo prorated over 13mo on select unitüè†,2017-03-17 14:32,2.0,1435.0,3681.0,6022368094,Jane_Control,https://houston.craigslist.org/apa/6022368094.html,https://houston.craigslist.org/reply/hou/apa/6022368094,,
86,houston,"Designer selected finishes, Catering Kitchen, upscale pendant",2017-03-16 16:14,2.0,1091.0,2592.0,6022132767,Jane_Control,https://houston.craigslist.org/apa/6022132767.html,https://houston.craigslist.org/reply/hou/apa/6022132767,,
94,houston,2 MO FREE WITH 18 MO LEASE!! CALL NOW,2017-03-17 14:47,1.0,623.0,1625.0,6009189817,Jane_Control,https://houston.craigslist.org/apa/6009189817.html,https://houston.craigslist.org/reply/hou/apa/6009189817,,
10,houston,Luxury High Rise Montrose HOU306,2017-03-17 15:38,1.0,832.0,2060.0,6041460721,Jane_Control,https://houston.craigslist.org/apa/6041460721.html,https://houston.craigslist.org/reply/hou/apa/6041460721,,
47,houston,2 MO FREE WITH 12 MO LEASE!! CALL NOW,2017-03-17 14:48,2.0,1153.0,1871.0,6026926608,Jane_Control,https://houston.craigslist.org/apa/6026926608.html,https://houston.craigslist.org/reply/hou/apa/6026926608,,
50,houston,Brazilian Cherry wood floors & double crown molding. Island kitchen wi... 2,2017-03-17 09:24,2.0,1279.0,3400.0,6044810496,Jane_Treat_High,https://houston.craigslist.org/apa/6044810496.html,https://houston.craigslist.org/reply/hou/apa/6044810496,,
100,houston,The perfect place to kick off your boots & relax,2017-03-17 15:17,1.0,,1020.0,6043930476,Jane_Treat_High,https://houston.craigslist.org/apa/6043930476.html,https://houston.craigslist.org/reply/hou/apa/6043930476,,
9,houston,üè† 1-3mo prorated over 13mo on select unitüè†,2017-03-17 14:31,2.0,1435.0,3681.0,6022364239,Jane_Treat_High,https://houston.craigslist.org/apa/6022364239.html,https://houston.craigslist.org/reply/hou/apa/6022364239,,
60,houston,Modern Living in established Apartment!-Offer upto $500,2017-03-17 12:51,2.0,1232.0,2200.0,6015476437,Jane_Treat_High,https://houston.craigslist.org/apa/6015476437.html,https://houston.craigslist.org/reply/hou/apa/6015476437,,
34,houston,LUXURY Hi-Rise Limited time SPECIAL,2017-03-17 11:23,2.0,1320.0,3400.0,6017005245,Jane_Treat_High,https://houston.craigslist.org/apa/6017005245.html,https://houston.craigslist.org/reply/hou/apa/6017005245,,
64,houston,**Museum District - incredible/spacious/high ceiling HIGH RISE,2017-03-10 13:39,2.0,1392.0,3649.0,6016686391,Jane_Treat_High,https://houston.craigslist.org/apa/6016686391.html,https://houston.craigslist.org/reply/hou/apa/6016686391,,
97,houston,"Great move in special,Amazing  deals $500 off 1st mo w/12mo L&L",2017-03-17 15:18,1.0,704.0,1137.0,6008074278,Jane_Treat_High,https://houston.craigslist.org/apa/6008074278.html,https://houston.craigslist.org/reply/hou/apa/6008074278,,
86,houston,Views of every part of Houston!,2017-03-01 12:01,2.0,,3729.0,5986529297,Jane_Treat_High,https://houston.craigslist.org/apa/5986529297.html,https://houston.craigslist.org/reply/hou/apa/5986529297,,
62,houston,Sophisticated Living 2 BR APT with Excellent Amenities-Receive Up To $,2017-03-17 15:24,2.0,1141.0,1598.0,6048284551,Jane_Treat_High,https://houston.craigslist.org/apa/6048284551.html,https://houston.craigslist.org/reply/hou/apa/6048284551,,
43,houston,3 MONTHS FREE | MOVE IN GIFT | YOUR CHOICE | WAIVED FEES | + $1000,2017-03-17 11:41,1.0,1187.0,2526.0,6024218523,Jane_Treat_High,https://houston.craigslist.org/apa/6024218523.html,https://houston.craigslist.org/reply/hou/apa/6024218523,,
82,houston,Better living conditions in West Memorial / Energy Corridor.,2017-03-17 14:59,1.0,1148.0,1799.0,6048246874,Jane_Treat_High,https://houston.craigslist.org/apa/6048246874.html,https://houston.craigslist.org/reply/hou/apa/6048246874,,
118,houston,ARCADE ROOM *Panoramic DT VIEWS,2017-03-16 15:31,1.0,826.0,2640.0,6022395736,Jane_Treat_High,https://houston.craigslist.org/apa/6022395736.html,https://houston.craigslist.org/reply/hou/apa/6022395736,,
88,houston,"** River Oaks 1-3mo. ProRated reduced rent, 12' ceilings",2017-02-28 10:51,2.0,1435.0,3515.0,5986547692,Jane_Treat_High,https://houston.craigslist.org/apa/5986547692.html,https://houston.craigslist.org/reply/hou/apa/5986547692,,
83,houston,Why not live in West Memorial - Briar Forest,2017-03-17 15:24,1.0,,1500.0,6048273683,Jane_Treat_High,https://houston.craigslist.org/apa/6048273683.html,https://houston.craigslist.org/reply/hou/apa/6048273683,,
96,houston,1 month FREE w/12 month lease (ID#:0003),2017-03-17 12:57,2.0,1038.0,1673.0,6048024712,Jane_Treat_High,https://houston.craigslist.org/apa/6048024712.html,https://houston.craigslist.org/reply/hou/apa/6048024712,,
110,houston,Immaculate Two Bedroom Condo near Inner Loop,2017-03-16 15:50,2.0,1202.0,2500.0,6035822369,Jane_Treat_High,https://houston.craigslist.org/apa/6035822369.html,https://houston.craigslist.org/reply/hou/apa/6035822369,,
53,houston,3 MONTHS FREE | MOVE IN GIFT FOR YOU | NO BS  | $1000 LOOK N LEASE | $,2017-03-17 15:27,1.0,871.0,1643.0,6034434063,Jane_Treat_High,https://houston.craigslist.org/apa/6034434063.html,https://houston.craigslist.org/reply/hou/apa/6034434063,,
58,houston,2 MO FREE | MED CENTER DISCOUNT | MODERN | SAFE | NEW UNITS | BEST LOC,2017-03-17 15:28,1.0,,1075.0,6035236033,Jane_Treat_High,https://houston.craigslist.org/apa/6035236033.html,https://houston.craigslist.org/reply/hou/apa/6035236033,,
18,houston,**Heights/Washington - 2 Months Free Prorated + $1000 LnL!,2017-03-17 11:52,2.0,,3010.0,6036884109,Jane_Treat_High,https://houston.craigslist.org/apa/6036884109.html,https://houston.craigslist.org/reply/hou/apa/6036884109,,
22,houston,Luxury High Rise Montrose HOU306,2017-03-17 15:37,1.0,876.0,1950.0,6041464905,Jane_Treat_High,https://houston.craigslist.org/apa/6041464905.html,https://houston.craigslist.org/reply/hou/apa/6041464905,,
65,houston,2 MONTHS FREE OR 3 ON 18 MONTHS,2017-03-10 13:11,1.0,1393.0,3731.0,6016704656,Jane_Treat_High,https://houston.craigslist.org/apa/6016704656.html,https://houston.craigslist.org/reply/hou/apa/6016704656,,
37,houston,Loft Style Luxury Apartment Midtown,2017-03-17 15:34,1.0,576.0,1285.0,6044262066,Jane_Treat_High,https://houston.craigslist.org/apa/6044262066.html,https://houston.craigslist.org/reply/hou/apa/6044262066,,
31,houston,Large 1 Bedroom Apartment!ALL BILLS PAID!,2017-03-17 15:35,1.0,640.0,1200.0,6019169294,Jane_Treat_High,https://houston.craigslist.org/apa/6019169294.html,https://houston.craigslist.org/reply/hou/apa/6019169294,,
72,houston,**Heights/Washington - Up to 12wks free w/12mo,2017-03-17 11:58,2.0,,2486.0,6038601246,Jane_Treat_High,https://houston.craigslist.org/apa/6038601246.html,https://houston.craigslist.org/reply/hou/apa/6038601246,,
7,houston,Fabulous ALL BILLS PAID condo in West U/Medical Center area,2017-03-17 15:41,2.0,,1450.0,6008024036,Jane_Treat_High,https://houston.craigslist.org/apa/6008024036.html,https://houston.craigslist.org/reply/hou/apa/6008024036,,
6,houston,üè† 1-3mo prorated over 13mo on select unitüè†,2017-03-17 14:31,2.0,1435.0,3681.0,6022366658,Jane_Treat_High,https://houston.craigslist.org/apa/6022366658.html,https://houston.craigslist.org/reply/hou/apa/6022366658,,
92,houston,"** 1-3Months ProRated, Reduced $2140 River Oaks 12'ceilings",2017-03-16 19:13,1.0,1006.0,2540.0,6036570839,Jane_Treat_High,https://houston.craigslist.org/apa/6036570839.html,https://houston.craigslist.org/reply/hou/apa/6036570839,,
70,houston,1/2 of 6 months... that's 3 months free!!,2017-03-07 23:23,2.0,,4000.0,6002113698,Jane_Treat_High,https://houston.craigslist.org/apa/6002113698.html,https://houston.craigslist.org/reply/hou/apa/6002113698,,
5,houston,loft Style Luxury Apartment Midtown,2017-03-17 15:41,1.0,768.0,1500.0,6044298259,Jane_Treat_High,https://houston.craigslist.org/apa/6044298259.html,https://houston.craigslist.org/reply/hou/apa/6044298259,,
39,houston,3 MO FREE | STEAM | SAUNA | 2 POOLS | ARCADE | BBALL COURT | HIRISE $$,2017-03-17 15:29,1.0,816.0,1673.0,6035175460,Jane_Treat_High,https://houston.craigslist.org/apa/6035175460.html,https://houston.craigslist.org/reply/hou/apa/6035175460,,
76,houston,Ready To move in ASK for Sandra Electricity Included,2017-03-17 14:20,2.0,1008.0,1110.0,6048203560,Jane_Treat_Low,https://houston.craigslist.org/apa/6048203560.html,https://houston.craigslist.org/reply/hou/apa/6048203560,,
54,houston,Specious Two  Bedroom,2017-03-17 08:10,1.0,,3300.0,6007993576,Jane_Treat_Low,https://houston.craigslist.org/apa/6007993576.html,https://houston.craigslist.org/reply/hou/apa/6007993576,,
12,houston,Fabulous ALL BILLS PAID condo in West U/Medical Center area,2017-03-17 15:40,2.0,,1575.0,6015466667,Jane_Treat_Low,https://houston.craigslist.org/apa/6015466667.html,https://houston.craigslist.org/reply/hou/apa/6015466667,,
71,houston,Galleria/Uptown - 6 to 8 Weeks Free,2017-03-17 11:58,2.0,,2500.0,6038601437,Jane_Treat_Low,https://houston.craigslist.org/apa/6038601437.html,https://houston.craigslist.org/reply/hou/apa/6038601437,,
58,houston,Experience the best from Energy Corridor - Briar Forest neighborhood.,2017-03-17 12:27,2.0,1287.0,2099.0,6034680422,Jane_Treat_Low,https://houston.craigslist.org/apa/6034680422.html,https://houston.craigslist.org/reply/hou/apa/6034680422,,
20,houston,ALL BILLS PAID condo in West U/Medical Center area,2017-03-17 15:39,1.0,,1250.0,6012337319,Jane_Treat_Low,https://houston.craigslist.org/apa/6012337319.html,https://houston.craigslist.org/reply/hou/apa/6012337319,,
40,houston,3 MO FREE | 9TH FL | NEW HIRISE | DT LIVING | MODERN | LUXURY | SAVE $,2017-03-17 15:28,1.0,816.0,1673.0,6035171300,Jane_Treat_Low,https://houston.craigslist.org/apa/6035171300.html,https://houston.craigslist.org/reply/hou/apa/6035171300,,
90,houston,‚óè Live the Exceptional Life at Washington Avenue / Inner Loop - 1 Bed,2017-03-17 15:21,1.0,585.0,1365.0,6013458422,Jane_Treat_Low,https://houston.craigslist.org/apa/6013458422.html,https://houston.craigslist.org/reply/hou/apa/6013458422,,
38,houston,loft Style Luxury Apartment Midtown,2017-03-17 15:34,1.0,655.0,1300.0,6044264516,Jane_Treat_Low,https://houston.craigslist.org/apa/6044264516.html,https://houston.craigslist.org/reply/hou/apa/6044264516,,
66,houston,"Galleria Lux Twnhome-2 Car Att Garage,Granite,Plank Floor-Epic Deal!",2017-03-17 15:18,2.0,1447.0,1785.0,6048262769,Jane_Treat_Low,https://houston.craigslist.org/apa/6048262769.html,https://houston.craigslist.org/reply/hou/apa/6048262769,,
105,houston,Furnished Apartment in Kirby Place!,2017-03-15 11:17,2.0,1250.0,3300.0,6044985327,Jane_Treat_Low,https://houston.craigslist.org/apa/6044985327.html,https://houston.craigslist.org/reply/hou/apa/6044985327,,
20,houston,Head North or South* Beltway 8*,2017-03-17 15:29,2.0,1105.0,1051.0,6048302194,Jane_Treat_Low,https://houston.craigslist.org/apa/6048302194.html,https://houston.craigslist.org/reply/hou/apa/6048302194,,
2,houston,Beautifully Remodled Home Available for Lease!,2017-03-17 15:43,2.0,840.0,1000.0,6048333857,Jane_Treat_Low,https://houston.craigslist.org/apa/6048333857.html,https://houston.craigslist.org/reply/hou/apa/6048333857,,
108,houston,Furnished Apartment in the Heart of the Texas Medical Center!,2017-03-15 10:27,2.0,1150.0,3200.0,6044978545,Jane_Treat_Low,https://houston.craigslist.org/apa/6044978545.html,https://houston.craigslist.org/reply/hou/apa/6044978545,,
37,houston,Galleria/Uptown - 6 to 8 Weeks Free,2017-03-17 11:58,2.0,,2500.0,6038601437,Jane_Treat_Low,https://houston.craigslist.org/apa/6038601437.html,https://houston.craigslist.org/reply/hou/apa/6038601437,,
51,houston,3 MONTHS FREE | EXCLUSIVE LIVING | BREATHTAKING VIEWS | $1000 LNL + $$,2017-03-17 15:27,1.0,871.0,1643.0,6034428987,Jane_Treat_Low,https://houston.craigslist.org/apa/6034428987.html,https://houston.craigslist.org/reply/hou/apa/6034428987,,
29,houston,COZY 1 BR/1 BA COTTAGE CLOSE TO Heights ~ Inner Loop,2017-03-17 15:33,1.0,,1699.0,6038137944,Jane_Treat_Low,https://houston.craigslist.org/apa/6038137944.html,https://houston.craigslist.org/reply/hou/apa/6038137944,,
86,houston,Luxury Apts W/ 3 MONTHS FREE!!!,2017-03-15 23:04,2.0,1297.0,3405.0,6025765543,Jane_Treat_Low,https://houston.craigslist.org/apa/6025765543.html,https://houston.craigslist.org/reply/hou/apa/6025765543,,
118,houston,SPECIALS!! 10 WEEKS FREE HI-RISE,2017-03-17 11:27,1.0,995.0,2358.0,6025765942,Jane_Treat_Low,https://houston.craigslist.org/apa/6025765942.html,https://houston.craigslist.org/reply/hou/apa/6025765942,,
95,houston,Beautiful Condo,2017-02-22 14:32,2.0,1752.0,3500.0,6015192189,Jane_Treat_Low,https://houston.craigslist.org/apa/6015192189.html,https://houston.craigslist.org/reply/hou/apa/6015192189,,
85,houston,Prestigious Houston Historic Loft -2 month free,2017-03-17 13:16,2.0,1102.0,1706.0,6043933330,Jane_Treat_Low,https://houston.craigslist.org/apa/6043933330.html,https://houston.craigslist.org/reply/hou/apa/6043933330,,
41,houston,3 MO FREE | SPA | STEAM | SAUNA | AMENITIES GALORE | HIRISE LIVING $$$,2017-03-17 15:28,1.0,816.0,1673.0,6035178726,Jane_Treat_Low,https://houston.craigslist.org/apa/6035178726.html,https://houston.craigslist.org/reply/hou/apa/6035178726,,
34,houston,*Grill Under the Cabana* INCREDIBLE COMMUNITY*,2017-03-17 11:46,2.0,1110.0,2568.0,6035784629,Jane_Treat_Low,https://houston.craigslist.org/apa/6035784629.html,https://houston.craigslist.org/reply/hou/apa/6035784629,,
113,houston,1 BR+1 Bath Defining! Top-Rated Community Apartment in Houston!,2017-03-17 15:06,1.0,580.0,1167.0,6048266950,Jane_Treat_Low,https://houston.craigslist.org/apa/6048266950.html,https://houston.craigslist.org/reply/hou/apa/6048266950,,
109,houston,BRAND NEW HIGHRISE IN DOWNTOWN!!!,2017-02-09 21:37,1.0,,3616.0,5997137444,Jane_Treat_Low,https://houston.craigslist.org/apa/5997137444.html,https://houston.craigslist.org/reply/hou/apa/5997137444,,
98,houston,"Over-Counter Pendant Lighting, Spacious Utility Rooms, Copier and Fax",2017-03-17 14:38,1.0,849.0,1550.0,6042126123,Jane_Treat_Low,https://houston.craigslist.org/apa/6042126123.html,https://houston.craigslist.org/reply/hou/apa/6042126123,,
24,houston,üåªüè†Give Us a Call. Your Perfect HOME Awaits.üè†üåª,2017-03-17 13:27,1.0,1244.0,2995.0,6041007009,Jane_Treat_Low,https://houston.craigslist.org/apa/6041007009.html,https://houston.craigslist.org/reply/hou/apa/6041007009,,
16,houston,ALL BILLS PAID condo in West U/Medical Center area,2017-03-17 15:40,1.0,,1250.0,6008044614,Jane_Treat_Low,https://houston.craigslist.org/apa/6008044614.html,https://houston.craigslist.org/reply/hou/apa/6008044614,,
88,houston,Medical Center - $300 Off 1st Month,2017-03-17 11:53,2.0,,2000.0,6036883604,Jane_Treat_Low,https://houston.craigslist.org/apa/6036883604.html,https://houston.craigslist.org/reply/hou/apa/6036883604,,
57,houston,Specious Two  Bedroom,2017-03-16 21:19,1.0,,3300.0,6004665879,Jane_Treat_Low,https://houston.craigslist.org/apa/6004665879.html,https://houston.craigslist.org/reply/hou/apa/6004665879,,
44,houston,2 BR Apartment with a awesome facilities and Other features includes,2017-03-17 12:54,2.0,1246.0,2300.0,6012522689,John_Control,https://houston.craigslist.org/apa/6012522689.html,https://houston.craigslist.org/reply/hou/apa/6012522689,,
7,houston,üè† 1-3mo prorated over 13mo on select unitüè†,2017-03-17 14:31,2.0,1435.0,3681.0,6022364826,John_Control,https://houston.craigslist.org/apa/6022364826.html,https://houston.craigslist.org/reply/hou/apa/6022364826,,
17,houston,3 MONTHS FREE | BLUETOOTH SPKRS | WOOD FLOORS | BIG CLOSET | MODERN,2017-03-17 15:27,2.0,,2006.0,6034516566,John_Control,https://houston.craigslist.org/apa/6034516566.html,https://houston.craigslist.org/reply/hou/apa/6034516566,,
11,houston,Luxury Lives Here 1 BR / 1.5 Bath Apartment,2017-03-17 15:40,1.0,1160.0,1599.0,6048319308,John_Control,https://houston.craigslist.org/apa/6048319308.html,https://houston.craigslist.org/reply/hou/apa/6048319308,,
99,houston,Closets You Could Live In Indoor BASKETBALL COURT üëç,2017-03-16 17:52,1.0,826.0,2640.0,6047086480,John_Control,https://houston.craigslist.org/apa/6047086480.html,https://houston.craigslist.org/reply/hou/apa/6047086480,,
24,houston,ALL BILLS PAID condo in West U/Medical Center area,2017-03-17 15:38,1.0,,1250.0,6035434078,John_Control,https://houston.craigslist.org/apa/6035434078.html,https://houston.craigslist.org/reply/hou/apa/6035434078,,
87,houston,‚óè Live the Exceptional Life at Washington Avenue / Inner Loop - 1 Bed,2017-03-17 15:22,1.0,585.0,1365.0,6013385167,John_Control,https://houston.craigslist.org/apa/6013385167.html,https://houston.craigslist.org/reply/hou/apa/6013385167,,
106,houston,*^*Luxury Lives Here 1 BR / 1.5 Bath Apartment,2017-03-17 14:26,1.0,1160.0,1599.0,6048200026,John_Control,https://houston.craigslist.org/apa/6048200026.html,https://houston.craigslist.org/reply/hou/apa/6048200026,,
98,houston,2 + 2 Apartment with Amenities & Facilities - Move in Right Now! - $50,2017-03-17 12:50,2.0,1259.0,1500.0,6016661695,John_Control,https://houston.craigslist.org/apa/6016661695.html,https://houston.craigslist.org/reply/hou/apa/6016661695,,
62,houston,$300 off 1st full mo w/12+mo  call now !!!! refer to Apt#4642A,2017-03-17 15:28,1.0,672.0,1284.0,6022012740,John_Control,https://houston.craigslist.org/apa/6022012740.html,https://houston.craigslist.org/reply/hou/apa/6022012740,,
74,houston,3 MONTHS FREE | QUARTZ CNTRTOPS | CARPET IN BEDROOM | MODERN | LUXURY,2017-03-17 15:27,1.0,,1200.0,6034532315,John_Control,https://houston.craigslist.org/apa/6034532315.html,https://houston.craigslist.org/reply/hou/apa/6034532315,,
76,houston,2 BR APT Sophisticated Living with Excellent Amenities-Receive Up To $,2017-03-17 15:27,1.0,683.0,1339.0,6048288182,John_Control,https://houston.craigslist.org/apa/6048288182.html,https://houston.craigslist.org/reply/hou/apa/6048288182,,
47,houston,*Remote home technology 7th floor skylounge $0app LEED Cert,2017-03-15 12:57,2.0,1320.0,3729.0,6045147102,John_Control,https://houston.craigslist.org/apa/6045147102.html,https://houston.craigslist.org/reply/hou/apa/6045147102,,
76,houston,Luxury Apts W/ 3 MONTHS FREE!!!,2017-03-15 23:04,2.0,1297.0,3405.0,6025765543,John_Control,https://houston.craigslist.org/apa/6025765543.html,https://houston.craigslist.org/reply/hou/apa/6025765543,,
21,houston,Wonderful DT Views* Brand NEW*,2017-03-17 15:08,1.0,871.0,2135.0,6048280472,John_Control,https://houston.craigslist.org/apa/6048280472.html,https://houston.craigslist.org/reply/hou/apa/6048280472,,
64,houston,Very Nice Quite 2 BR+ 2 Bath Apartment,2017-03-17 12:48,2.0,1064.0,2069.0,6017520172,John_Control,https://houston.craigslist.org/apa/6017520172.html,https://houston.craigslist.org/reply/hou/apa/6017520172,,
91,houston,Two months free on stunning 1-bedroom at gorgeous high-rise!,2017-03-17 15:20,1.0,672.0,1391.0,6027193822,John_Control,https://houston.craigslist.org/apa/6027193822.html,https://houston.craigslist.org/reply/hou/apa/6027193822,,
16,houston,loft Style Luxury Apartment Midtown,2017-03-17 15:40,1.0,868.0,1700.0,6044303546,John_Control,https://houston.craigslist.org/apa/6044303546.html,https://houston.craigslist.org/reply/hou/apa/6044303546,,
115,houston,Up to 3Months Free 8th Floor Observation Lounge $1000 Cash Back,2017-03-14 19:08,2.0,1361.0,3310.0,6015397612,John_Control,https://houston.craigslist.org/apa/6015397612.html,https://houston.craigslist.org/reply/hou/apa/6015397612,,
54,houston,3 MONTHS FREE | FANCY LIVING | EXCLUSIVE PROPERTY | $1000 LOOK N LEASE,2017-03-17 15:27,1.0,871.0,1643.0,6034427610,John_Control,https://houston.craigslist.org/apa/6034427610.html,https://houston.craigslist.org/reply/hou/apa/6034427610,,
31,houston,"** River Oaks 1-3mo. ProRated reduced rent, 12' ceilings",2017-03-16 11:39,2.0,1435.0,3515.0,6004837492,John_Control,https://houston.craigslist.org/apa/6004837492.html,https://houston.craigslist.org/reply/hou/apa/6004837492,,
49,houston,Greenway Plaza / Rice Village - 1 Bed Apartment,2017-03-17 15:30,1.0,628.0,1499.0,6013381088,John_Control,https://houston.craigslist.org/apa/6013381088.html,https://houston.craigslist.org/reply/hou/apa/6013381088,,
73,houston,3 MONTHS FREE | CONCIERGE SERVICES | PET FRIENDLY | YOGA BY POOL | NEW,2017-03-17 15:27,1.0,,1200.0,6034531157,John_Control,https://houston.craigslist.org/apa/6034531157.html,https://houston.craigslist.org/reply/hou/apa/6034531157,,
9,houston,Loft Style Luxury Apartment Midtown,2017-03-17 15:41,1.0,740.0,1400.0,6044289456,John_Control,https://houston.craigslist.org/apa/6044289456.html,https://houston.craigslist.org/reply/hou/apa/6044289456,,
0,houston,Luxury High Rise Montrose HOU306,2017-03-17 15:36,2.0,1311.0,3375.0,6041481968,John_Control,https://houston.craigslist.org/apa/6041481968.html,https://houston.craigslist.org/reply/hou/apa/6041481968,,
7,houston,üè† 1-3mo prorated over 13mo on select unitüè†,2017-03-17 14:31,2.0,1435.0,3681.0,6022364826,John_Control,https://houston.craigslist.org/apa/6022364826.html,https://houston.craigslist.org/reply/hou/apa/6022364826,,
86,houston,NEW ENERGY CORRIDOR TOWNHOME - MEMORIAL  A,2017-03-15 15:19,2.0,,3099.0,6035908146,John_Control,https://houston.craigslist.org/apa/6035908146.html,https://houston.craigslist.org/reply/hou/apa/6035908146,,
105,houston,Infinity Pool! Super Modern* üëè,2017-03-17 11:17,2.0,113.0,2319.0,6044585976,John_Control,https://houston.craigslist.org/apa/6044585976.html,https://houston.craigslist.org/reply/hou/apa/6044585976,,
95,houston,"Upgrade without spending a fortune in Conroe, Woodlands.",2017-03-17 13:52,2.0,,1355.0,6048011261,John_Control,https://houston.craigslist.org/apa/6048011261.html,https://houston.craigslist.org/reply/hou/apa/6048011261,,
111,houston,*Sleek Design* Walk In Showers üëå,2017-03-17 11:32,2.0,1113.0,2030.0,6044104740,John_Control,https://houston.craigslist.org/apa/6044104740.html,https://houston.craigslist.org/reply/hou/apa/6044104740,,
113,houston,Food Trucks & RESTAURANTS Convenient Spot,2017-03-17 11:31,2.0,878.0,2179.0,6044122823,John_Treat_High,https://houston.craigslist.org/apa/6044122823.html,https://houston.craigslist.org/reply/hou/apa/6044122823,,
59,houston,2 MO FREE | MED CENTER DISCOUNT | NEW PROPERTY | MODERN | SAFE | SLEEK,2017-03-17 15:28,1.0,,1075.0,6035332154,John_Treat_High,https://houston.craigslist.org/apa/6035332154.html,https://houston.craigslist.org/reply/hou/apa/6035332154,,
65,houston,*NEW 31Stories Ultra Luxury Hi Rise Floor to Ceiling Winds 10wksFREE Museum Dist,2017-03-16 13:00,2.0,1130.0,3138.0,6004806491,John_Treat_High,https://houston.craigslist.org/apa/6004806491.html,https://houston.craigslist.org/reply/hou/apa/6004806491,,
115,houston,2 Bed * 2 Bathroom - Inner Loop / Greenway Plaza,2017-03-15 08:38,2.0,1346.0,3200.0,6002157567,John_Treat_High,https://houston.craigslist.org/apa/6002157567.html,https://houston.craigslist.org/reply/hou/apa/6002157567,,
21,houston,Furnished Apartment in the Heart of the Texas Medical Center!,2017-03-17 11:42,1.0,1150.0,3200.0,6047933208,John_Treat_High,https://houston.craigslist.org/apa/6047933208.html,https://houston.craigslist.org/reply/hou/apa/6047933208,,
107,houston,Welcome to my Zen High Rise World,2017-03-16 14:33,2.0,1350.0,2750.0,6039735004,John_Treat_High,https://houston.craigslist.org/apa/6039735004.html,https://houston.craigslist.org/reply/hou/apa/6039735004,,
44,houston,3 MO FREE | LUXURY HIRISE | $1000 LNL + OTHR INCENTIVES $$$ | MODERN,2017-03-17 15:27,1.0,871.0,1643.0,6036710560,John_Treat_High,https://houston.craigslist.org/apa/6036710560.html,https://houston.craigslist.org/reply/hou/apa/6036710560,,
51,houston,1 MO FREE UPFRONT & 1 MO FREE (PRORATED) | BEST PRICE START @ $1227,2017-03-17 15:29,2.0,,1227.0,6035104894,John_Treat_High,https://houston.craigslist.org/apa/6035104894.html,https://houston.craigslist.org/reply/hou/apa/6035104894,,
53,houston,Furnished Apartment in the Galleria!,2017-03-17 10:55,1.0,840.0,2600.0,6047840428,John_Treat_High,https://houston.craigslist.org/apa/6047840428.html,https://houston.craigslist.org/reply/hou/apa/6047840428,,
7,houston,Luxury High Rise Montrose HOU306,2017-03-17 15:38,1.0,903.0,2059.0,6041467056,John_Treat_High,https://houston.craigslist.org/apa/6041467056.html,https://houston.craigslist.org/reply/hou/apa/6041467056,,
62,houston,FIND YOUR HAPPY HERE!!! Beautiful floor plan & Washer/Dryer included,2017-03-17 14:38,2.0,1093.0,1393.0,6048233542,John_Treat_High,https://houston.craigslist.org/apa/6048233542.html,https://houston.craigslist.org/reply/hou/apa/6048233542,,
82,houston,***Luxury Apts W/ 3 Months Free***,2017-03-05 13:43,2.0,1390.0,3766.0,6025768141,John_Treat_High,https://houston.craigslist.org/apa/6025768141.html,https://houston.craigslist.org/reply/hou/apa/6025768141,,
15,houston,ALL BILLS PAID condo in West U/Medical Center area,2017-03-17 15:40,1.0,,1250.0,6007991249,John_Treat_High,https://houston.craigslist.org/apa/6007991249.html,https://houston.craigslist.org/reply/hou/apa/6007991249,,
110,houston,Stop By Today To View Your New Home! $199 First Month!,2017-03-17 15:08,2.0,1101.0,1015.0,6048280847,John_Treat_High,https://houston.craigslist.org/apa/6048280847.html,https://houston.craigslist.org/reply/hou/apa/6048280847,,
98,houston,Furnished Apartment in the Galleria!,2017-03-15 10:18,2.0,1100.0,3300.0,6044963438,John_Treat_High,https://houston.craigslist.org/apa/6044963438.html,https://houston.craigslist.org/reply/hou/apa/6044963438,,
5,houston,Corporate Housing  Furnished Apartments,2017-03-17 15:24,1.0,,2600.0,6032649476,John_Treat_High,https://houston.craigslist.org/apa/6032649476.html,https://houston.craigslist.org/reply/hou/apa/6032649476,,
73,houston,This place... you want to call home!,2017-03-07 23:23,2.0,,3600.0,6002087213,John_Treat_High,https://houston.craigslist.org/apa/6002087213.html,https://houston.craigslist.org/reply/hou/apa/6002087213,,
110,houston,üíñLovely Apartment Community. Come See for Yourselfüíñ,2017-03-14 20:41,2.0,1368.0,3042.0,6038026289,John_Treat_High,https://houston.craigslist.org/apa/6038026289.html,https://houston.craigslist.org/reply/hou/apa/6038026289,,
47,houston,3 MO FREE | BEAUTIFUL | MODERN | LUXURY | ARTSY | VIEWS FOR DAYS $$$,2017-03-17 15:27,1.0,871.0,1643.0,6036722042,John_Treat_High,https://houston.craigslist.org/apa/6036722042.html,https://houston.craigslist.org/reply/hou/apa/6036722042,,
18,houston,Downtown Skyline,2017-03-17 13:42,1.0,1218.0,2970.0,6042343168,John_Treat_High,https://houston.craigslist.org/apa/6042343168.html,https://houston.craigslist.org/reply/hou/apa/6042343168,,
42,houston,1 mo free w/13+mo CALL NOW !!!Refer to Apt#J4908A,2017-03-17 15:33,1.0,672.0,1150.0,6027992988,John_Treat_High,https://houston.craigslist.org/apa/6027992988.html,https://houston.craigslist.org/reply/hou/apa/6027992988,,
114,houston,We promise to help you choose the best 2 Bed rental in Woodlands,2017-03-17 11:29,2.0,1143.0,2136.0,6026076352,John_Treat_High,https://houston.craigslist.org/apa/6026076352.html,https://houston.craigslist.org/reply/hou/apa/6026076352,,
89,houston,Medical Center - Great Rates,2017-03-17 11:52,1.0,,2000.0,6036922390,John_Treat_High,https://houston.craigslist.org/apa/6036922390.html,https://houston.craigslist.org/reply/hou/apa/6036922390,,
50,houston,3 MONTHS FREE + $1000 LOOK N LEASE | BRAND NEW HIRISE | WALK TO ALL,2017-03-17 15:27,1.0,871.0,1643.0,6034431630,John_Treat_High,https://houston.craigslist.org/apa/6034431630.html,https://houston.craigslist.org/reply/hou/apa/6034431630,,
72,houston,üòçNo Dull Moment Apartment Home. Make a Call & Lease Today.üòç,2017-03-17 13:31,2.0,1163.0,1900.0,6040938275,John_Treat_High,https://houston.craigslist.org/apa/6040938275.html,https://houston.craigslist.org/reply/hou/apa/6040938275,,
43,houston,Indoor BASKETBALL COURT ARCADE ROOM,2017-03-17 13:19,1.0,816.0,2175.0,6035802742,John_Treat_High,https://houston.craigslist.org/apa/6035802742.html,https://houston.craigslist.org/reply/hou/apa/6035802742,,
1,houston,ALL BILLS PAID condo in West U/Medical Center area,2017-03-17 15:42,1.0,,1250.0,6018278511,John_Treat_High,https://houston.craigslist.org/apa/6018278511.html,https://houston.craigslist.org/reply/hou/apa/6018278511,,
93,houston,2 + 2 Apartment with Amenities & Facilities - Move in Right Now! - $50,2017-03-17 12:58,2.0,1259.0,1500.0,6018094137,John_Treat_High,https://houston.craigslist.org/apa/6018094137.html,https://houston.craigslist.org/reply/hou/apa/6018094137,,
87,houston,2 MO FREE PRORATED W/12 MO LEASE+ $750 LOOK & LEASE!!!,2017-03-17 14:53,2.0,1160.0,1608.0,6029702275,John_Treat_High,https://houston.craigslist.org/apa/6029702275.html,https://houston.craigslist.org/reply/hou/apa/6029702275,,
99,houston,2 mo free upfront w/12mo call now !!!! refer to Apt#J5007A,2017-03-17 15:17,1.0,728.0,1020.0,6026438388,John_Treat_High,https://houston.craigslist.org/apa/6026438388.html,https://houston.craigslist.org/reply/hou/apa/6026438388,,
42,houston,Very Nice Quite 2 BR+ 2 Bath Apartment,2017-03-17 12:57,2.0,1064.0,2069.0,6015010552,John_Treat_Low,https://houston.craigslist.org/apa/6015010552.html,https://houston.craigslist.org/reply/hou/apa/6015010552,,
22,houston,Fabulous ALL BILLS PAID condo in West U/Medical Center area,2017-03-17 15:39,1.0,,1450.0,6028199853,John_Treat_Low,https://houston.craigslist.org/apa/6028199853.html,https://houston.craigslist.org/reply/hou/apa/6028199853,,
69,houston,*^*Luxury Lives Here 1 Bedroom Apartment,2017-03-17 14:28,2.0,1149.0,1419.0,6048195831,John_Treat_Low,https://houston.craigslist.org/apa/6048195831.html,https://houston.craigslist.org/reply/hou/apa/6048195831,,
60,houston,Beautiful New High-Rise in Montrose/Midtown,2017-03-17 10:40,2.0,1170.0,2995.0,6018384829,John_Treat_Low,https://houston.craigslist.org/apa/6018384829.html,https://houston.craigslist.org/reply/hou/apa/6018384829,,
58,houston,BRAND NEW TOWNHOME - MEMORIAL  A,2017-03-16 15:49,2.0,,3099.0,6037215297,John_Treat_Low,https://houston.craigslist.org/apa/6037215297.html,https://houston.craigslist.org/reply/hou/apa/6037215297,,
99,houston,NEW ENERGY CORRIDOR TOWNHOME - MEMORIAL  A,2017-03-15 15:10,2.0,,3099.0,6038639174,John_Treat_Low,https://houston.craigslist.org/apa/6038639174.html,https://houston.craigslist.org/reply/hou/apa/6038639174,,
61,houston,REDUCED RATES + 2 WEEKS FREE | RENOVATED | MODERN | LUXURY | W/D,2017-03-17 15:28,1.0,800.0,1075.0,6035410770,John_Treat_Low,https://houston.craigslist.org/apa/6035410770.html,https://houston.craigslist.org/reply/hou/apa/6035410770,,
47,houston,‚òÄüå∏Elevate Your Active Lifestyle. Learn More. Call!üå∏‚òÄ,2017-03-17 13:14,1.0,909.0,2160.0,6041041147,John_Treat_Low,https://houston.craigslist.org/apa/6041041147.html,https://houston.craigslist.org/reply/hou/apa/6041041147,,
67,houston,"@Soaring 12-foot floor to ceiling windows panoramic views, Montrose",2017-03-16 14:32,1.0,1033.0,3060.0,6046747602,John_Treat_Low,https://houston.craigslist.org/apa/6046747602.html,https://houston.craigslist.org/reply/hou/apa/6046747602,,
84,houston,Discounts Now ~ 1/2 Off First Six Months ~ Downtown,2017-03-16 00:07,1.0,1026.0,3137.0,6045999311,John_Treat_Low,https://houston.craigslist.org/apa/6045999311.html,https://houston.craigslist.org/reply/hou/apa/6045999311,,
55,houston,"Pendant Lighting, Stainless Steel Appliance Package, Island Kitchens",2017-03-17 14:21,2.0,1117.0,1770.0,6048206031,John_Treat_Low,https://houston.craigslist.org/apa/6048206031.html,https://houston.craigslist.org/reply/hou/apa/6048206031,,
103,houston,3 MONTHS FREE | WAIVED FEES | LUXURY | SAFE | MODERN | ACCESS | BAR,2017-03-17 11:38,2.0,,2084.0,6024283408,John_Treat_Low,https://houston.craigslist.org/apa/6024283408.html,https://houston.craigslist.org/reply/hou/apa/6024283408,,
112,houston,"Remarkable Amenities, Controlled Access, Minutes from Downtown",2017-03-17 14:10,1.0,914.0,1894.0,6048188082,John_Treat_Low,https://houston.craigslist.org/apa/6048188082.html,https://houston.craigslist.org/reply/hou/apa/6048188082,,
70,houston,2 MO + 2 WEEKS FREE | HIRISE | FLOOR TO CEILING WINDOWS | MODERN | LUX,2017-03-17 15:27,1.0,800.0,1075.0,6036644985,John_Treat_Low,https://houston.craigslist.org/apa/6036644985.html,https://houston.craigslist.org/reply/hou/apa/6036644985,,
25,houston,1 mo free w/12+mo Refer to Apt#J4751A call now !!!!,2017-03-17 15:38,1.0,608.0,1204.0,6032284125,John_Treat_Low,https://houston.craigslist.org/apa/6032284125.html,https://houston.craigslist.org/reply/hou/apa/6032284125,,
28,houston,"Super posh property! Valet,concierge and amazing views!",2017-03-16 12:15,2.0,,3645.0,6033832509,John_Treat_Low,https://houston.craigslist.org/apa/6033832509.html,https://houston.craigslist.org/reply/hou/apa/6033832509,,
2,houston,SUGARLAND/FT.BEND LOFT-FREE MONTH -,2017-03-17 15:40,2.0,,2799.0,6048306051,John_Treat_Low,https://houston.craigslist.org/apa/6048306051.html,https://houston.craigslist.org/reply/hou/apa/6048306051,,
116,houston,Bright and luxurious home in Inner Loop / Medical Center 1 Bed,2017-03-17 15:04,1.0,754.0,1452.0,6026498660,John_Treat_Low,https://houston.craigslist.org/apa/6026498660.html,https://houston.craigslist.org/reply/hou/apa/6026498660,,
82,houston,1mo free w/12+mo 2mo call now refer to Apt#J4976A,2017-03-17 15:25,1.0,713.0,1020.0,6026466470,John_Treat_Low,https://houston.craigslist.org/apa/6026466470.html,https://houston.craigslist.org/reply/hou/apa/6026466470,,
71,houston,This just happened - Top floor Penthouse house -150 off rent until Feb,2017-03-16 19:57,2.0,1500.0,2900.0,6005438275,John_Treat_Low,https://houston.craigslist.org/apa/6005438275.html,https://houston.craigslist.org/reply/hou/apa/6005438275,,
95,houston,Your taste will be truely satisfied in West Memorial / Energy Corridor,2017-03-17 15:19,1.0,856.0,1433.0,6017986275,John_Treat_Low,https://houston.craigslist.org/apa/6017986275.html,https://houston.craigslist.org/reply/hou/apa/6017986275,,
68,houston,Closets You Could Live In Top Floor POOL*,2017-03-17 09:27,1.0,826.0,2640.0,6047707999,John_Treat_Low,https://houston.craigslist.org/apa/6047707999.html,https://houston.craigslist.org/reply/hou/apa/6047707999,,
23,houston,Choose a beautiful Apt in Energy Corridor / West Memorial.,2017-03-17 15:37,1.0,695.0,1525.0,6012004409,John_Treat_Low,https://houston.craigslist.org/apa/6012004409.html,https://houston.craigslist.org/reply/hou/apa/6012004409,,
39,houston,üåÜBreathtaking City Views! Reduced Deposits! Take Advantage now!!!,2017-03-17 13:26,2.0,1254.0,2450.0,6041143195,John_Treat_Low,https://houston.craigslist.org/apa/6041143195.html,https://houston.craigslist.org/reply/hou/apa/6041143195,,
97,houston,HUGE LIVING ROOM* STUNNING POOL,2017-03-16 15:34,2.0,1110.0,2568.0,6024078516,John_Treat_Low,https://houston.craigslist.org/apa/6024078516.html,https://houston.craigslist.org/reply/hou/apa/6024078516,,
38,houston,3 MONTHS FREE | NEW HIRISE | EXCLUSIVE LIVING | AMENITIES GALORE | NEW,2017-03-17 15:29,1.0,816.0,1673.0,6035167816,John_Treat_Low,https://houston.craigslist.org/apa/6035167816.html,https://houston.craigslist.org/reply/hou/apa/6035167816,,
119,houston,HUGE LIVING ROOM* LUX LAYOUTS* üéâ,2017-03-17 15:04,1.0,661.0,1275.0,6048273530,John_Treat_Low,https://houston.craigslist.org/apa/6048273530.html,https://houston.craigslist.org/reply/hou/apa/6048273530,,
83,houston,NEW | 4 Months FREE | LUXURY | MODERN | SEXY | DOWNTOWN | VIEWS,2017-03-17 11:41,2.0,,2400.0,6023525988,John_Treat_Low,https://houston.craigslist.org/apa/6023525988.html,https://houston.craigslist.org/reply/hou/apa/6023525988,,
113,houston,"Entertain in our Demonstration Kitchen, Courtyard Pool",2017-03-17 10:27,2.0,1124.0,2160.0,6005632295,John_Treat_Low,https://houston.craigslist.org/apa/6005632295.html,https://houston.craigslist.org/reply/hou/apa/6005632295,,
1,houston,Luxury High Rise Montrose HOU306,2017-03-17 15:35,2.0,1496.0,3893.0,6041498885,John_Treat_Low,https://houston.craigslist.org/apa/6041498885.html,https://houston.craigslist.org/reply/hou/apa/6041498885,,
